{
    "adaptive_bed_mesh_margin": "0",
    "auxiliary_fan": "0",
    "bbl_use_printhost": "0",
    "bed_custom_model": "",
    "bed_custom_texture": "",
    "bed_exclude_area": [
        "0x0"
    ],
    "bed_mesh_max": "99999,99999",
    "bed_mesh_min": "-99999,-99999",
    "bed_mesh_probe_distance": "50,50",
    "before_layer_change_gcode": ";BEFORE_LAYER_CHANGE\nG92 E0.0\n;[layer_z]\n\n",
    "best_object_pos": "0.5,0.5",
    "change_extrusion_role_gcode": "",
    "change_filament_gcode": "M600",
    "cooling_tube_length": "5",
    "cooling_tube_retraction": "91.5",
    "default_filament_profile": [
        "Anycubic Generic PLA"
    ],
    "default_print_profile": "0.20mm Standard @Anycubic i3MegaS",
    "deretraction_speed": [
        "50"
    ],
    "disable_m73": "0",
    "emit_machine_limits_to_gcode": "1",
    "enable_filament_ramming": "1",
    "enable_long_retraction_when_cut": "0",
    "extra_loading_move": "-2",
    "extruder_clearance_height_to_lid": "140",
    "extruder_clearance_height_to_rod": "36",
    "extruder_clearance_radius": "65",
    "extruder_colour": [
        "#018001"
    ],
    "extruder_offset": [
        "0x0"
    ],
    "fan_kickstart": "0",
    "fan_speedup_overhangs": "1",
    "fan_speedup_time": "0",
    "from": "User",
    "gcode_flavor": "klipper",
    "head_wrap_detect_zone": [],
    "high_current_on_filament_swap": "0",
    "host_type": "octoprint",
    "inherits": "Anycubic i3 Mega S 0.4 nozzle",
    "is_custom_defined": "0",
    "layer_change_gcode": ";AFTER_LAYER_CHANGE\n;[layer_z]",
    "long_retractions_when_cut": [
        "0"
    ],
    "machine_end_gcode": "G1 E-1.0 F2100 ; retract\nG92 E0.0\nG1 X0{if max_layer_z < printable_height} Z{z_offset+min(max_layer_z+30, printable_height)}{endif} E-34.0 F{travel_speed*60} ; move print head up & retract filament\nG4 ; wait\nM104 S0 ; turn off temperature\nM140 S0 ; turn off heatbed\nM107 ; turn off fan\nG1 X0 Y105 F{travel_speed*60} ; park print head\nM84 ; disable motors",
    "machine_load_filament_time": "0",
    "machine_max_acceleration_e": [
        "10000",
        "10000"
    ],
    "machine_max_acceleration_extruding": [
        "1250",
        "1250"
    ],
    "machine_max_acceleration_retracting": [
        "1250",
        "1250"
    ],
    "machine_max_acceleration_travel": [
        "1000",
        "1000"
    ],
    "machine_max_acceleration_x": [
        "3000",
        "3000"
    ],
    "machine_max_acceleration_y": [
        "2000",
        "2000"
    ],
    "machine_max_acceleration_z": [
        "60",
        "60"
    ],
    "machine_max_jerk_e": [
        "5",
        "5"
    ],
    "machine_max_jerk_x": [
        "10",
        "10"
    ],
    "machine_max_jerk_y": [
        "10",
        "10"
    ],
    "machine_max_jerk_z": [
        "0.4",
        "0.4"
    ],
    "machine_max_speed_e": [
        "30",
        "30"
    ],
    "machine_max_speed_x": [
        "500",
        "500"
    ],
    "machine_max_speed_y": [
        "500",
        "500"
    ],
    "machine_max_speed_z": [
        "8",
        "8"
    ],
    "machine_min_extruding_rate": [
        "0",
        "0"
    ],
    "machine_min_travel_rate": [
        "0",
        "0"
    ],
    "machine_pause_gcode": "M25",
    "machine_start_gcode": "G90 ; use absolute coordinates\nM83 ; extruder relative mode\nM204 P[machine_max_acceleration_extruding] R[machine_max_acceleration_retracting] T[machine_max_acceleration_travel]\nM104 S[nozzle_temperature_initial_layer] ; set extruder temp\nM140 S[bed_temperature_initial_layer_single] ; set bed temp\nG28 ; home all\nG1 X-2 Y1.0 Z0.3 F{travel_speed*60} ; move print head up\nM190 S[bed_temperature_initial_layer_single] ; wait for bed temp\nM109 S[nozzle_temperature_initial_layer] ; wait for extruder temp\nG92 E0.0\n; initial load\nG1 X130 E19 F1000\nG1 Y1.6\nG1 X5.0 E19 F1000\nG92 E0.0\n; intro line\nG1 Y2.0 Z0.2 F1000\nG1 X65.0 E9.0 F1000\nG1 X105.0 E12.5 F1000\nG92 E0.0",
    "machine_tool_change_time": "0",
    "machine_unload_filament_time": "0",
    "manual_filament_change": "0",
    "max_layer_height": [
        "0.36"
    ],
    "min_layer_height": [
        "0.08"
    ],
    "name": "Anycubic i3 Mega x",
    "nozzle_diameter": [
        "0.4"
    ],
    "nozzle_height": "2.5",
    "nozzle_hrc": "0",
    "nozzle_type": "undefine",
    "nozzle_volume": "0",
    "parking_pos_retraction": "92",
    "pellet_modded_printer": "0",
    "preferred_orientation": "0",
    "printable_area": [
        "0x0",
        "150x0",
        "150x150",
        "0x150"
    ],
    "printable_height": "200",
    "printer_model": "Anycubic i3 Mega S",
    "printer_notes": "",
    "printer_settings_id": "Anycubic i3 Mega x",
    "printer_structure": "undefine",
    "printer_technology": "FFF",
    "printer_variant": "0.4",
    "printhost_authorization_type": "key",
    "printhost_ssl_ignore_revoke": "0",
    "printing_by_object_gcode": "",
    "purge_in_prime_tower": "1",
    "retract_before_wipe": [
        "60%"
    ],
    "retract_length_toolchange": [
        "1"
    ],
    "retract_lift_above": [
        "0"
    ],
    "retract_lift_below": [
        "0"
    ],
    "retract_lift_enforce": [
        "All Surfaces"
    ],
    "retract_on_top_layer": [
        "1"
    ],
    "retract_restart_extra": [
        "0"
    ],
    "retract_restart_extra_toolchange": [
        "0"
    ],
    "retract_when_changing_layer": [
        "1"
    ],
    "retraction_distances_when_cut": [
        "18"
    ],
    "retraction_length": [
        "1"
    ],
    "retraction_minimum_travel": [
        "1.5"
    ],
    "retraction_speed": [
        "40"
    ],
    "scan_first_layer": "0",
    "silent_mode": "0",
    "single_extruder_multi_material": "1",
    "support_air_filtration": "1",
    "support_chamber_temp_control": "1",
    "support_multi_bed_types": "0",
    "template_custom_gcode": "",
    "thumbnails": "48x48/PNG,300x300/PNG",
    "thumbnails_format": "PNG",
    "time_cost": "0",
    "time_lapse_gcode": "",
    "travel_slope": [
        "3"
    ],
    "upward_compatible_machine": [],
    "use_firmware_retraction": "0",
    "use_relative_e_distances": "1",
    "version": "2.3.0.3",
    "wipe": [
        "1"
    ],
    "wipe_distance": [
        "1"
    ],
    "z_hop": [
        "0"
    ],
    "z_hop_types": [
        "Normal Lift"
    ],
    "z_offset": "0"
}
